{
  "bounds": [
    [
      0.025510327890515327,
      0.9598154425621033
    ],
    [
      0.025041652843356133,
      0.9570751786231995
    ]
  ],
  "sequence_length": 70,
  "default_connectivity_radius": 0.015,
  "dim": 2,
  "dt": 0.008,
  "vel_mean": [
    0.058643562802791344,
    -1.2866882829009219
  ],
  "vel_std": [
    2.524389738016367,
    3.790490273727168
  ],
  "acc_mean": [
    -0.05568748226674097,
    1.6172836609494894
  ],
  "acc_std": [
    146.28494795631994,
    233.6274450818515
  ],
  "num_sims": 50,
  "note": "Multiple sims concatenated; binaries appended per sim; see train_offset.json for per-group offsets and params."
}