{
  "bounds": [
    [
      0.025431426241993904,
      0.9596032500267029
    ],
    [
      0.026408543810248375,
      0.9570847749710083
    ]
  ],
  "sequence_length": 70,
  "default_connectivity_radius": 0.015,
  "dim": 2,
  "dt": 0.008,
  "vel_mean": [
    0.26339197158813477,
    -1.3099491596221924
  ],
  "vel_std": [
    2.4083211421966553,
    3.879904270172119
  ],
  "acc_mean": [
    -1.396517276763916,
    1.6783654689788818
  ],
  "acc_std": [
    156.93621826171875,
    241.06134033203125
  ]
}