{
  "bounds": [
    [
      0.02560599520802498,
      0.9583603739738464
    ],
    [
      0.025718990713357925,
      0.9566122889518738
    ]
  ],
  "sequence_length": 1000,
  "default_connectivity_radius": 0.015,
  "dim": 2,
  "dt": 0.008,
  "vel_mean": [
    0.011765341274440289,
    -0.09413360059261322
  ],
  "vel_std": [
    0.6165169477462769,
    1.073438286781311
  ],
  "acc_mean": [
    0.00015001605788711458,
    0.11888738721609116
  ],
  "acc_std": [
    39.59333801269531,
    59.80790710449219
  ]
}