{
  "bounds": [
    [
      0.02710752934217453,
      0.9590740203857422
    ],
    [
      0.025763114914298058,
      0.9568175673484802
    ]
  ],
  "sequence_length": 70,
  "default_connectivity_radius": 0.015,
  "dim": 2,
  "dt": 0.008,
  "vel_mean": [
    0.18694834411144257,
    -1.355219841003418
  ],
  "vel_std": [
    2.39449143409729,
    3.8463549613952637
  ],
  "acc_mean": [
    -0.2601695954799652,
    1.7196146249771118
  ],
  "acc_std": [
    147.25140380859375,
    236.89674377441406
  ],
  "num_sims": 3,
  "note": "Multiple sims concatenated; see train_offset.json for per-group offsets and params."
}