{
  "bounds": [
    [
      0.025662729516625404,
      0.9599637985229492
    ],
    [
      0.02631559781730175,
      0.9575063586235046
    ]
  ],
  "sequence_length": 70,
  "default_connectivity_radius": 0.015,
  "dim": 2,
  "dt": 0.008,
  "vel_mean": [
    0.24728478491306305,
    -1.3146120309829712
  ],
  "vel_std": [
    2.281475305557251,
    3.9221482276916504
  ],
  "acc_mean": [
    -0.9722956418991089,
    1.6571043729782104
  ],
  "acc_std": [
    161.0640411376953,
    241.82997131347656
  ]
}