{
  "0": {
    "sim_index": 0,
    "particle_type": {
      "offset": 0,
      "shape": [
        351
      ]
    },
    "position": {
      "offset": 0,
      "shape": [
        70,
        351,
        2
      ]
    },
    "params": {
      "lower_corner": [
        0.479062328038514,
        0.7070756019664592
      ],
      "cube_size": [
        0.2036110457632565,
        0.17571814808512412
      ]
    }
  },
  "1": {
    "sim_index": 1,
    "particle_type": {
      "offset": 351,
      "shape": [
        367
      ]
    },
    "position": {
      "offset": 49140,
      "shape": [
        70,
        367,
        2
      ]
    },
    "params": {
      "lower_corner": [
        0.5426851256982722,
        0.6504439907615228
      ],
      "cube_size": [
        0.1681763420543816,
        0.222598874423016
      ]
    }
  },
  "2": {
    "sim_index": 2,
    "particle_type": {
      "offset": 718,
      "shape": [
        358
      ]
    },
    "position": {
      "offset": 100520,
      "shape": [
        70,
        358,
        2
      ]
    },
    "params": {
      "lower_corner": [
        0.14476200312051118,
        0.6495605754727136
      ],
      "cube_size": [
        0.17886109436179604,
        0.20413427383091182
      ]
    }
  }
}